created_at,id,object_id,object_class,description,customer_id,store_id,verb,source,updated_at,ip,description_extended,general_properties,ip_address,address_id,subscription_id,real_sub_id
4/28/21 14:29,2297807371,104009546,subscription,[API] fwallace@fambrands.com updated Subscription #104009546,5170966,8995,updated,[API] fwallace@fambrands.com,4/28/21 14:29,None,"Subscription item ""3 Months - 5 Items"" updated","{""trace"": ""purchase_item.py:927:queue_event_for_item_update"""," ""request_id"": ""1205-1619634568.625-108.251.61.14-899""}",108.251.61.14,54388043,104009546
4/28/21 14:30,2297809335,59422545,subscription,[API] fwallace@fambrands.com updated Subscription #59422545,5202666,8995,updated,[API] fwallace@fambrands.com,4/28/21 14:30,None,"Subscription item ""3 Months - 3 Items"" updated","{""trace"": ""purchase_item.py:927:queue_event_for_item_update"""," ""request_id"": ""1285-1619634611.956-108.251.61.14-932""}",108.251.61.14,41055622,59422545
4/28/21 14:29,2297808013,90842114,subscription,[API] fwallace@fambrands.com updated Subscription #90842114,8266271,8995,updated,[API] fwallace@fambrands.com,4/28/21 14:29,None,"Subscription item ""3 Months - 3 Items"" updated","{""trace"": ""purchase_item.py:927:queue_event_for_item_update"""," ""request_id"": ""1206-1619634584.637-108.251.61.14-896""}",108.251.61.14,50343178,90842114
4/28/21 14:31,2297813160,41141518,subscription,[API] fwallace@fambrands.com updated Subscription #41141518,27842066,8995,updated,[API] fwallace@fambrands.com,4/28/21 14:31,None,"Subscription item ""3 Months - 3 Items"" updated","{""trace"": ""purchase_item.py:927:queue_event_for_item_update"""," ""request_id"": ""1275-1619634693.987-108.251.61.14-932""}",108.251.61.14,31322514,41141518
4/28/21 14:30,2297809205,59981548,subscription,[API] fwallace@fambrands.com updated Subscription #59981548,29459537,8995,updated,[API] fwallace@fambrands.com,4/28/21 14:30,None,"Subscription item ""3 Months - 5 Items"" updated","{""trace"": ""purchase_item.py:927:queue_event_for_item_update"""," ""request_id"": ""1142-1619634609.181-108.251.61.14-984""}",108.251.61.14,41233190,59981548
4/28/21 14:31,2297813080,44020021,subscription,[API] fwallace@fambrands.com updated Subscription #44020021,29459537,8995,updated,[API] fwallace@fambrands.com,4/28/21 14:31,None,"Subscription item ""3 Months - 5 Items"" updated","{""trace"": ""purchase_item.py:927:queue_event_for_item_update"""," ""request_id"": ""1275-1619634691.863-108.251.61.14-890""}",108.251.61.14,33141583,44020021
4/28/21 14:31,2297813008,44550516,subscription,[API] fwallace@fambrands.com updated Subscription #44550516,29661703,8995,updated,[API] fwallace@fambrands.com,4/28/21 14:31,None,"Subscription item ""3 Months - 3 Items"" updated","{""trace"": ""purchase_item.py:927:queue_event_for_item_update"""," ""request_id"": ""1275-1619634690.291-108.251.61.14-932""}",108.251.61.14,33357741,44550516
4/28/21 14:29,2297808091,88285987,subscription,[API] fwallace@fambrands.com updated Subscription #88285987,30362297,8995,updated,[API] fwallace@fambrands.com,4/28/21 14:29,None,"Subscription item ""3 Months - 3 Items"" updated","{""trace"": ""purchase_item.py:927:queue_event_for_item_update"""," ""request_id"": ""1286-1619634586.476-108.251.61.14-896""}",108.251.61.14,49561963,88285987
4/28/21 14:31,2297812928,47914373,subscription,[API] fwallace@fambrands.com updated Subscription #47914373,31426749,8995,updated,[API] fwallace@fambrands.com,4/28/21 14:31,None,"Subscription item ""3 Months - 3 Items"" updated","{""trace"": ""purchase_item.py:927:queue_event_for_item_update"""," ""request_id"": ""1274-1619634688.481-108.251.61.14-933""}",108.251.61.14,35300263,47914373
4/28/21 14:31,2297812864,50804109,subscription,[API] fwallace@fambrands.com updated Subscription #50804109,32762295,8995,updated,[API] fwallace@fambrands.com,4/28/21 14:31,None,"Subscription item ""3 Months - 3 Items"" updated","{""trace"": ""purchase_item.py:927:queue_event_for_item_update"""," ""request_id"": ""1205-1619634686.949-108.251.61.14-932""}",108.251.61.14,36920131,50804109
4/28/21 14:31,2297812753,51798714,subscription,[API] fwallace@fambrands.com updated Subscription #51798714,33206393,8995,updated,[API] fwallace@fambrands.com,4/28/21 14:31,None,"Subscription item ""3 Months - 3 Items"" updated","{""trace"": ""purchase_item.py:927:queue_event_for_item_update"""," ""request_id"": ""1205-1619634685.127-108.251.61.14-932""}",108.251.61.14,37508962,51798714
4/28/21 14:31,2297812626,58346951,subscription,[API] fwallace@fambrands.com updated Subscription #58346951,36148080,8995,updated,[API] fwallace@fambrands.com,4/28/21 14:31,None,"Subscription item ""3 Months - 3 Items"" updated","{""trace"": ""purchase_item.py:927:queue_event_for_item_update"""," ""request_id"": ""1143-1619634682.764-108.251.61.14-936""}",108.251.61.14,40594208,58346951
4/28/21 14:31,2297812504,58727671,subscription,[API] fwallace@fambrands.com updated Subscription #58727671,36317770,8995,updated,[API] fwallace@fambrands.com,4/28/21 14:31,None,"Subscription item ""3 Months - 3 Items"" updated","{""trace"": ""purchase_item.py:927:queue_event_for_item_update"""," ""request_id"": ""1205-1619634680.597-108.251.61.14-932""}",108.251.61.14,40773124,58727671
4/28/21 14:30,2297809544,59104550,subscription,[API] fwallace@fambrands.com updated Subscription #59104550,36473290,8995,updated,[API] fwallace@fambrands.com,4/28/21 14:30,None,"Subscription item ""3 Months - 3 Items"" updated","{""trace"": ""purchase_item.py:927:queue_event_for_item_update"""," ""request_id"": ""1143-1619634615.643-108.251.61.14-932""}",108.251.61.14,40930444,59104550
4/28/21 14:30,2297809427,59257327,subscription,[API] fwallace@fambrands.com updated Subscription #59257327,36530882,8995,updated,[API] fwallace@fambrands.com,4/28/21 14:30,None,"Subscription item ""3 Months - 3 Items"" updated","{""trace"": ""purchase_item.py:927:queue_event_for_item_update"""," ""request_id"": ""1286-1619634613.814-108.251.61.14-932""}",108.251.61.14,40989037,59257327
4/28/21 14:30,2297809130,62919149,subscription,[API] fwallace@fambrands.com updated Subscription #62919149,37435477,8995,updated,[API] fwallace@fambrands.com,4/28/21 14:30,None,"Subscription item ""3 Months - 3 Items"" updated","{""trace"": ""purchase_item.py:927:queue_event_for_item_update"""," ""request_id"": ""1206-1619634607.547-108.251.61.14-948""}",108.251.61.14,41933597,62919149
4/28/21 14:30,2297809023,69155354,subscription,[API] fwallace@fambrands.com updated Subscription #69155354,39128642,8995,updated,[API] fwallace@fambrands.com,4/28/21 14:30,None,"Subscription item ""3 Months - 3 Items"" updated","{""trace"": ""purchase_item.py:927:queue_event_for_item_update"""," ""request_id"": ""1346-1619634605.542-108.251.61.14-940""}",108.251.61.14,43690563,69155354
4/28/21 14:30,2297808930,72623969,subscription,[API] fwallace@fambrands.com updated Subscription #72623969,40205683,8995,updated,[API] fwallace@fambrands.com,4/28/21 14:30,None,"Subscription item ""3 Months - 3 Items"" updated","{""trace"": ""purchase_item.py:927:queue_event_for_item_update"""," ""request_id"": ""1143-1619634603.667-108.251.61.14-896""}",108.251.61.14,44786252,72623969
4/28/21 14:30,2297808836,72968326,subscription,[API] fwallace@fambrands.com updated Subscription #72968326,40316078,8995,updated,[API] fwallace@fambrands.com,4/28/21 14:30,None,"Subscription item ""3 Months - 3 Items"" updated","{""trace"": ""purchase_item.py:927:queue_event_for_item_update"""," ""request_id"": ""1345-1619634602.094-108.251.61.14-896""}",108.251.61.14,44897619,72968326
4/28/21 14:30,2297808745,74407090,subscription,[API] fwallace@fambrands.com updated Subscription #74407090,40784488,8995,updated,[API] fwallace@fambrands.com,4/28/21 14:30,None,"Subscription item ""3 Months - 3 Items"" updated","{""trace"": ""purchase_item.py:927:queue_event_for_item_update"""," ""request_id"": ""1274-1619634600.460-108.251.61.14-896""}",108.251.61.14,45375906,74407090
4/28/21 14:29,2297808682,74551199,subscription,[API] fwallace@fambrands.com updated Subscription #74551199,40826574,8995,updated,[API] fwallace@fambrands.com,4/28/21 14:29,None,"Subscription item ""3 Months - 3 Items"" updated","{""trace"": ""purchase_item.py:927:queue_event_for_item_update"""," ""request_id"": ""1142-1619634599.078-108.251.61.14-896""}",108.251.61.14,45418500,74551199
4/28/21 2:30,2295038551,75437551,subscription,[API] marcus@fambrands.com updated Subscription #75437551,41101414,8995,updated,[API] marcus@fambrands.com,4/28/21 2:30,None,"Subscription item ""3 Months - 3 Items"" updated","{""trace"": ""purchase_item.py:927:queue_event_for_item_update"""," ""request_id"": ""1143-1619591408.535-54.90.189.247-939""}",54.90.189.247,45695167,75437551
4/28/21 14:29,2297808595,75437551,subscription,[API] fwallace@fambrands.com updated Subscription #75437551,41101414,8995,updated,[API] fwallace@fambrands.com,4/28/21 14:29,None,"Subscription item ""3 Months - 3 Items"" updated","{""trace"": ""purchase_item.py:927:queue_event_for_item_update"""," ""request_id"": ""1274-1619634597.441-108.251.61.14-895""}",108.251.61.14,45695167,75437551
4/28/21 14:29,2297808515,75522542,subscription,[API] fwallace@fambrands.com updated Subscription #75522542,41141326,8995,updated,[API] fwallace@fambrands.com,4/28/21 14:29,None,"Subscription item ""3 Months - 3 Items"" updated","{""trace"": ""purchase_item.py:927:queue_event_for_item_update"""," ""request_id"": ""1286-1619634595.667-108.251.61.14-898""}",108.251.61.14,45736697,75522542
4/28/21 14:29,2297808455,81021997,subscription,[API] fwallace@fambrands.com updated Subscription #81021997,42787374,8995,updated,[API] fwallace@fambrands.com,4/28/21 14:29,None,"Subscription item ""3 Months - 3 Items"" updated","{""trace"": ""purchase_item.py:927:queue_event_for_item_update"""," ""request_id"": ""1346-1619634594.196-108.251.61.14-899""}",108.251.61.14,47465592,81021997
4/28/21 14:29,2297808365,82785556,subscription,[API] fwallace@fambrands.com updated Subscription #82785556,43236657,8995,updated,[API] fwallace@fambrands.com,4/28/21 14:29,None,"Subscription item ""3 Months - 3 Items"" updated","{""trace"": ""purchase_item.py:927:queue_event_for_item_update"""," ""request_id"": ""1205-1619634592.709-108.251.61.14-941""}",108.251.61.14,47928789,82785556
4/28/21 14:29,2297808245,82987572,subscription,[API] fwallace@fambrands.com updated Subscription #82987572,43291639,8995,updated,[API] fwallace@fambrands.com,4/28/21 14:29,None,"Subscription item ""3 Months - 3 Items"" updated","{""trace"": ""purchase_item.py:927:queue_event_for_item_update"""," ""request_id"": ""1346-1619634590.157-108.251.61.14-940""}",108.251.61.14,47985416,82987572
4/28/21 14:29,2297807292,83946993,subscription,[API] fwallace@fambrands.com updated Subscription #83946993,43574344,8995,updated,[API] fwallace@fambrands.com,4/28/21 14:29,None,"Subscription item ""3 Months - 3 Items"" updated","{""trace"": ""purchase_item.py:927:queue_event_for_item_update"""," ""request_id"": ""1206-1619634566.525-108.251.61.14-898""}",108.251.61.14,48281800,83946993
4/28/21 14:29,2297808158,84295005,subscription,[API] fwallace@fambrands.com updated Subscription #84295005,43658984,8995,updated,[API] fwallace@fambrands.com,4/28/21 14:29,None,"Subscription item ""3 Months - 3 Items"" updated","{""trace"": ""purchase_item.py:927:queue_event_for_item_update"""," ""request_id"": ""1206-1619634588.363-108.251.61.14-940""}",108.251.61.14,48370065,84295005
4/28/21 14:29,2297807946,92286133,subscription,[API] fwallace@fambrands.com updated Subscription #92286133,45963702,8995,updated,[API] fwallace@fambrands.com,4/28/21 14:29,None,"Subscription item ""3 Months - 5 Items"" updated","{""trace"": ""purchase_item.py:927:queue_event_for_item_update"""," ""request_id"": ""1143-1619634582.758-108.251.61.14-896""}",108.251.61.14,50784182,92286133
4/28/21 14:29,2297807877,92975612,subscription,[API] fwallace@fambrands.com updated Subscription #92975612,46165286,8995,updated,[API] fwallace@fambrands.com,4/28/21 14:29,None,"Subscription item ""3 Months - 3 Items"" updated","{""trace"": ""purchase_item.py:927:queue_event_for_item_update"""," ""request_id"": ""1345-1619634580.787-108.251.61.14-894""}",108.251.61.14,50993861,92975612
4/28/21 14:29,2297807780,94871927,subscription,[API] fwallace@fambrands.com updated Subscription #94871927,46712176,8995,updated,[API] fwallace@fambrands.com,4/28/21 14:29,None,"Subscription item ""3 Months - 3 Items"" updated","{""trace"": ""purchase_item.py:927:queue_event_for_item_update"""," ""request_id"": ""1345-1619634578.796-108.251.61.14-894""}",108.251.61.14,51563298,94871927
4/28/21 14:29,2297807693,98516578,subscription,[API] fwallace@fambrands.com updated Subscription #98516578,47759399,8995,updated,[API] fwallace@fambrands.com,4/28/21 14:29,None,"Subscription item ""3 Months - 5 Items"" updated","{""trace"": ""purchase_item.py:927:queue_event_for_item_update"""," ""request_id"": ""1142-1619634576.380-108.251.61.14-934""}",108.251.61.14,52642721,98516578
4/28/21 14:29,2297807614,100023216,subscription,[API] fwallace@fambrands.com updated Subscription #100023216,48267295,8995,updated,[API] fwallace@fambrands.com,4/28/21 14:29,None,"Subscription item ""3 Months - 3 Items"" updated","{""trace"": ""purchase_item.py:927:queue_event_for_item_update"""," ""request_id"": ""1346-1619634574.336-108.251.61.14-900""}",108.251.61.14,53178751,100023216
4/28/21 14:29,2297807524,100382992,subscription,[API] fwallace@fambrands.com updated Subscription #100382992,48364129,8995,updated,[API] fwallace@fambrands.com,4/28/21 14:29,None,"Subscription item ""3 Months - 3 Items"" updated","{""trace"": ""purchase_item.py:927:queue_event_for_item_update"""," ""request_id"": ""1142-1619634572.078-108.251.61.14-897""}",108.251.61.14,53283131,100382992
4/28/21 14:29,2297807427,100437254,subscription,[API] fwallace@fambrands.com updated Subscription #100437254,48379167,8995,updated,[API] fwallace@fambrands.com,4/28/21 14:29,None,"Subscription item ""3 Months - 3 Items"" updated","{""trace"": ""purchase_item.py:927:queue_event_for_item_update"""," ""request_id"": ""1206-1619634570.072-108.251.61.14-897""}",108.251.61.14,53299019,100437254
4/28/21 14:29,2297807212,105845625,subscription,[API] fwallace@fambrands.com updated Subscription #105845625,49980074,8995,updated,[API] fwallace@fambrands.com,4/28/21 14:29,None,"Subscription item ""3 Months - 3 Items"" updated","{""trace"": ""purchase_item.py:927:queue_event_for_item_update"""," ""request_id"": ""1143-1619634564.726-108.251.61.14-897""}",108.251.61.14,54939930,105845625
4/28/21 14:29,2297807129,106438846,subscription,[API] fwallace@fambrands.com updated Subscription #106438846,50260591,8995,updated,[API] fwallace@fambrands.com,4/28/21 14:29,None,"Subscription item ""3 Months - 3 Items"" updated","{""trace"": ""purchase_item.py:927:queue_event_for_item_update"""," ""request_id"": ""1205-1619634563.095-108.251.61.14-897""}",108.251.61.14,55119137,106438846
4/28/21 14:29,2297807059,108132565,subscription,[API] fwallace@fambrands.com updated Subscription #108132565,51176817,8995,updated,[API] fwallace@fambrands.com,4/28/21 14:29,None,"Subscription item ""3 Months - 2 Items"" updated","{""trace"": ""purchase_item.py:927:queue_event_for_item_update"""," ""request_id"": ""1285-1619634561.552-108.251.61.14-897""}",108.251.61.14,55672915,108132565
4/28/21 14:29,2297807001,108267516,subscription,[API] fwallace@fambrands.com updated Subscription #108267516,51244017,8995,updated,[API] fwallace@fambrands.com,4/28/21 14:29,None,"Subscription item ""3 Months - 3 Items"" updated","{""trace"": ""purchase_item.py:927:queue_event_for_item_update"""," ""request_id"": ""1286-1619634560.103-108.251.61.14-897""}",108.251.61.14,55713216,108267516
4/28/21 14:29,2297806928,109336199,subscription,[API] fwallace@fambrands.com updated Subscription #109336199,51700652,8995,updated,[API] fwallace@fambrands.com,4/28/21 14:29,None,"Subscription item ""3 Months - 3 Items"" updated","{""trace"": ""purchase_item.py:927:queue_event_for_item_update"""," ""request_id"": ""1285-1619634558.239-108.251.61.14-897""}",108.251.61.14,56059410,109336199
4/28/21 14:29,2297806685,122420986,subscription,[API] fwallace@fambrands.com updated Subscription #122420986,56231382,8995,updated,[API] fwallace@fambrands.com,4/28/21 14:29,None,"Subscription item ""3 Months - 3 Items"" updated","{""trace"": ""purchase_item.py:927:queue_event_for_item_update"""," ""request_id"": ""1346-1619634552.928-108.251.61.14-852""}",108.251.61.14,60310696,122420986
4/28/21 14:29,2297806612,122869361,subscription,[API] fwallace@fambrands.com updated Subscription #122869361,56361559,8995,updated,[API] fwallace@fambrands.com,4/28/21 14:29,None,"Subscription item ""3 Months - 3 Items"" updated","{""trace"": ""purchase_item.py:927:queue_event_for_item_update"""," ""request_id"": ""1275-1619634551.584-108.251.61.14-852""}",108.251.61.14,60448525,122869361
4/28/21 14:29,2297806560,122878061,subscription,[API] fwallace@fambrands.com updated Subscription #122878061,56364071,8995,updated,[API] fwallace@fambrands.com,4/28/21 14:29,None,"Subscription item ""3 Months - 3 Items"" updated","{""trace"": ""purchase_item.py:927:queue_event_for_item_update"""," ""request_id"": ""1206-1619634550.292-108.251.61.14-852""}",108.251.61.14,60451292,122878061
4/28/21 14:29,2297806465,122995343,subscription,[API] fwallace@fambrands.com updated Subscription #122995343,56396336,8995,updated,[API] fwallace@fambrands.com,4/28/21 14:29,None,"Subscription item ""3 Months - 3 Items"" updated","{""trace"": ""purchase_item.py:927:queue_event_for_item_update"""," ""request_id"": ""1206-1619634548.391-108.251.61.14-852""}",108.251.61.14,60485582,122995343
4/28/21 14:29,2297806360,123492374,subscription,[API] fwallace@fambrands.com updated Subscription #123492374,56538148,8995,updated,[API] fwallace@fambrands.com,4/28/21 14:29,None,"Subscription item ""3 Months - 5 Items"" updated","{""trace"": ""purchase_item.py:927:queue_event_for_item_update"""," ""request_id"": ""1274-1619634546.559-108.251.61.14-897""}",108.251.61.14,60639303,123492374
4/28/21 14:28,2297805524,124082764,subscription,[API] fwallace@fambrands.com updated Subscription #124082764,56711482,8995,updated,[API] fwallace@fambrands.com,4/28/21 14:28,None,"Subscription item ""3 Months - 2 Items"" updated","{""trace"": ""purchase_item.py:927:queue_event_for_item_update"""," ""request_id"": ""1142-1619634531.048-108.251.61.14-901""}",108.251.61.14,60821938,124082764
4/28/21 14:29,2297806281,124316722,subscription,[API] fwallace@fambrands.com updated Subscription #124316722,56780394,8995,updated,[API] fwallace@fambrands.com,4/28/21 14:29,None,"Subscription item ""3 Months - 3 Items"" updated","{""trace"": ""purchase_item.py:927:queue_event_for_item_update"""," ""request_id"": ""1275-1619634544.862-108.251.61.14-901""}",108.251.61.14,60894816,124316722
4/28/21 14:29,2297806204,125174966,subscription,[API] fwallace@fambrands.com updated Subscription #125174966,57056815,8995,updated,[API] fwallace@fambrands.com,4/28/21 14:29,None,"Subscription item ""3 Months - 3 Items"" updated","{""trace"": ""purchase_item.py:927:queue_event_for_item_update"""," ""request_id"": ""1206-1619634542.832-108.251.61.14-897""}",108.251.61.14,61158274,125174966
4/28/21 14:29,2297806100,126899389,subscription,[API] fwallace@fambrands.com updated Subscription #126899389,57910561,8995,updated,[API] fwallace@fambrands.com,4/28/21 14:29,None,"Subscription item ""3 Months - 3 Items"" updated","{""trace"": ""purchase_item.py:927:queue_event_for_item_update"""," ""request_id"": ""1274-1619634540.675-108.251.61.14-897""}",108.251.61.14,61703996,126899389
4/28/21 14:28,2297806008,126975245,subscription,[API] fwallace@fambrands.com updated Subscription #126975245,57933526,8995,updated,[API] fwallace@fambrands.com,4/28/21 14:28,None,"Subscription item ""3 Months - 3 Items"" updated","{""trace"": ""purchase_item.py:927:queue_event_for_item_update"""," ""request_id"": ""1346-1619634538.650-108.251.61.14-897""}",108.251.61.14,61727578,126975245
4/28/21 14:28,2297805910,127172454,subscription,[API] fwallace@fambrands.com updated Subscription #127172454,57994517,8995,updated,[API] fwallace@fambrands.com,4/28/21 14:28,None,"Subscription item ""3 Months - 3 Items"" updated","{""trace"": ""purchase_item.py:927:queue_event_for_item_update"""," ""request_id"": ""1346-1619634537.075-108.251.61.14-897""}",108.251.61.14,61790575,127172454
4/28/21 14:28,2297805799,127273855,subscription,[API] fwallace@fambrands.com updated Subscription #127273855,58033934,8995,updated,[API] fwallace@fambrands.com,4/28/21 14:28,None,"Subscription item ""3 Months - 3 Items"" updated","{""trace"": ""purchase_item.py:927:queue_event_for_item_update"""," ""request_id"": ""1274-1619634535.337-108.251.61.14-897""}",108.251.61.14,61832350,127273855
4/28/21 14:28,2297805683,127422359,subscription,[API] fwallace@fambrands.com updated Subscription #127422359,58081747,8995,updated,[API] fwallace@fambrands.com,4/28/21 14:28,None,"Subscription item ""3 Months - 3 Items"" updated","{""trace"": ""purchase_item.py:927:queue_event_for_item_update"""," ""request_id"": ""1346-1619634533.447-108.251.61.14-897""}",108.251.61.14,61882111,127422359
4/28/21 14:28,2297805431,127459399,subscription,[API] fwallace@fambrands.com updated Subscription #127459399,58097471,8995,updated,[API] fwallace@fambrands.com,4/28/21 14:28,None,"Subscription item ""3 Months - 5 Items"" updated","{""trace"": ""purchase_item.py:927:queue_event_for_item_update"""," ""request_id"": ""1274-1619634529.624-108.251.61.14-897""}",108.251.61.14,61899399,127459399
4/28/21 14:28,2297805300,127601670,subscription,[API] fwallace@fambrands.com updated Subscription #127601670,58142620,8995,updated,[API] fwallace@fambrands.com,4/28/21 14:28,None,"Subscription item ""3 Months - 5 Items"" updated","{""trace"": ""purchase_item.py:927:queue_event_for_item_update"""," ""request_id"": ""1275-1619634527.722-108.251.61.14-897""}",108.251.61.14,61945617,127601670