count,product_title,product_collection
1,3 MONTHS,A New Gray - 5 Items
1,3 MONTHS,Blush Dreams - 5 Items
1,3 MONTHS,Ellie Picks - 5 Items
1,3 MONTHS,Fresh Tone - 5 Items
1,3 MONTHS,Nightfall - 5 Items
1,3 MONTHS,Twilight - 5 Items
3,3 Months - 2 Items,A New Gray - 2 Items
1,3 Months - 2 Items,Feel The Beet - 2 Items
1,3 Months - 2 Items,Nightfall - 2 Items
1,3 Months - 2 Items,Olive Grove - 2 Items
2,3 Months - 2 Items,Second Skin - 2 Items
1,3 Months - 2 Items,Summer Sunset - 2 Items
4,3 Months - 2 Items,Summer Thunder - 2 Items
4,3 Months - 2 Items,Sunkissed - 2 Items
2,3 Months - 2 Items,Sweet Spot - 2 Items
3,3 Months - 2 Items,Trail Blazer - 2 Items
1,3 Months - 2 Items,Twilight - 2 Items
1,3 Months - 2 Items,Wild Instinct - 2 Items
52,3 Months - 3 Items,A New Gray - 3 Items
20,3 Months - 3 Items,Blush Dreams - 3 Items
2,3 Months - 3 Items,Bright Idea - 3 Items
1,3 Months - 3 Items,Citrus Kick - 3 Items
6,3 Months - 3 Items,City Limits - 3 Items
2,3 Months - 3 Items,Color Pop - 3 Items
27,3 Months - 3 Items,Ellie Picks - 3 Items
31,3 Months - 3 Items,Feel The Beet - 3 Items
9,3 Months - 3 Items,Fresh Tone - 3 Items
20,3 Months - 3 Items,Gear Up - 3 Items
1,3 Months - 3 Items,Hibiscus Love - 3 Items
4,3 Months - 3 Items,Hillside Hike - 3 Items
1,3 Months - 3 Items,Making Moves - 3 Items
1,3 Months - 3 Items,Mineral Love - 3 Items
1,3 Months - 3 Items,Moonlight Rose - 3 Items
1,3 Months - 3 Items,Natural Fit - 3 Items
35,3 Months - 3 Items,Nightfall - 3 Items
19,3 Months - 3 Items,Olive Grove - 3 Items
1,3 Months - 3 Items,Peach Sorbet - 3 Items
4,3 Months - 3 Items,Renewal - 3 Items
4,3 Months - 3 Items,Second Skin - 3 Items
20,3 Months - 3 Items,Silver Lining - 3 Items
57,3 Months - 3 Items,Summer Sunset - 3 Items
20,3 Months - 3 Items,Summer Thunder - 3 Items
10,3 Months - 3 Items,Sunkissed - 3 Items
23,3 Months - 3 Items,Sweet Spot - 3 Items
27,3 Months - 3 Items,Trail Blazer - 3 Items
28,3 Months - 3 Items,Twilight - 3 Items
18,3 Months - 3 Items,Wild Instinct - 3 Items
6,3 Months - 3 Items,Wind Breaker - 3 Items
8,3 Months - 5 Items,A New Gray - 5 Items
1,3 Months - 5 Items,Berry Crush - 5 Items
2,3 Months - 5 Items,Blush Dreams - 5 Items
3,3 Months - 5 Items,City Limits - 5 Items
2,3 Months - 5 Items,Color Pop - 5 Items
1,3 Months - 5 Items,Ellie Picks - 3 Items
1,3 Months - 5 Items,Ellie Picks - 5 Items
11,3 Months - 5 Items,Feel The Beet - 5 Items
2,3 Months - 5 Items,Fresh Tone - 5 Items
3,3 Months - 5 Items,Gear Up - 5 Items
1,3 Months - 5 Items,Hibiscus Love - 5 Items
3,3 Months - 5 Items,Hillside Hike - 5 Items
11,3 Months - 5 Items,Nightfall - 5 Items
7,3 Months - 5 Items,Olive Grove - 5 Items
1,3 Months - 5 Items,Ooh La Lavender - 5 Items
2,3 Months - 5 Items,Second Skin - 5 Items
2,3 Months - 5 Items,Silver Lining - 5 Items
8,3 Months - 5 Items,Summer Sunset - 5 Items
5,3 Months - 5 Items,Summer Thunder - 5 Items
2,3 Months - 5 Items,Sunkissed - 5 Items
7,3 Months - 5 Items,Sweet Spot - 5 Items
3,3 Months - 5 Items,Trail Blazer - 5 Items
2,3 Months - 5 Items,Twilight - 5 Items
2,3 Months - 5 Items,Wild Instinct - 5 Items
2,3 Months - 5 Items,Wind Breaker - 5 Items
,,
573,Prepaid not yet allocated,